{
  "nationality": "Pakistani",
  "province": "Punjab",
  "institute": "University of central punjab",
  "cnic": "3520223456789",
  "email": "ali@gmail.com",
  "password": "zxc@1234",
  "confirmPassword": "zxc@1234",
  "firstName": "Ali",
  "middleName": "Ahmad",
  "lastName": "Mustafa",
  "guardianName": "Ali Ahmad",
  "gender": "Male",
  "religion": "Islam",
  "homePhone": "1234567898",
  "mobile": "1234456789",
  "fatherStatus": "Alive",
  "motherStatus": "Alive",
  "instituteType": "University",
  "subCampus": "N/A",
  "admissionDate": "2025-08-07",
  "dob": "2025-08-02",
  "domicile": "Punjab",
  "sscProgramTitle": "Matriculation",
  "sscInstitute": "Garisson university",
  "sscDiscipline": "Science",
  "sscObtainedMarks": "1025",
  "sscTotalMarks": "1100",
  "hscProgramTitle": "Intermediate",
  "hscInstitute": "PGC",
  "hscDiscipline": "Science",
  "hscObtainedMarks": "1034",
  "hscTotalMarks": "1100",
  "programDiscipline": "Engineering",
  "degreeTitle": "Bachelor",
  "familyIncome": "Above 100,000 PKR",
  "passportNo": "",
  "dualNationality": "Yes",
  "mailingCountry": "Pakistan",
  "mailingProvince": "Punjab",
  "mailingDistrict": "Lahore",
  "mailingCity": "Lahore",
  "mailingFullAddress": "Hno 25 johar town lahore",
  "permanentCountry": "Pakistan",
  "permanentProvince": "Punjab",
  "permanentDistrict": "Lahore",
  "permanentCity": "Lahore",
  "permanentFullAddress": "Hno 25 johar town lahore"
}
