{
  "nationality": "Pakistani",
  "province": "Punjab",
  "institute": "uvp",
  "cnic": "1234567890987",
  "email": "ali@gmail.com",
  "password": "1234567",
  "confirmPassword": "1234567",
  "firstName": "jhgf",
  "middleName": "mnbv",
  "lastName": "kjhg",
  "guardianName": "Ali Ahmad",
  "gender": "Male",
  "religion": "Islam",
  "homePhone": "1234567898",
  "mobile": "1234456789",
  "fatherStatus": "Alive",
  "motherStatus": "Alive",
  "instituteType": "College",
  "subCampus": "na",
  "admissionDate": "2025-08-29",
  "dob": "2025-07-31",
  "domicile": "Punjab",
  "sscProgramTitle": "Matriculation",
  "sscInstitute": "mnvcxc",
  "sscDiscipline": "Technical",
  "sscObtainedMarks": "6543",
  "sscTotalMarks": "12345",
  "hscProgramTitle": "Diploma",
  "hscInstitute": "qwertyujh",
  "hscDiscipline": "Arts",
  "hscObtainedMarks": "987654",
  "hscTotalMarks": "12345",
  "programDiscipline": "Medical",
  "degreeTitle": "Bachelor",
  "familyIncome": "Above 100,000 PKR",
  "passportNo": "",
  "dualNationality": "Yes",
  "mailingCountry": "Pakistan",
  "mailingProvince": "Punjab",
  "mailingDistrict": "Islamabad",
  "mailingCity": "Karachi",
  "mailingFullAddress": "ali@12345gmail.com",
  "permanentCountry": "Pakistan",
  "permanentProvince": "Punjab",
  "permanentDistrict": "Islamabad",
  "permanentCity": "Karachi",
  "permanentFullAddress": "ali@12345gmail.com"
}
